#Query_id	Hit_xid	Hit_tcid	Hit_desc	Match_length	e-value	%_identity	Query_Length	Hit_Length	Q_start	Q_end	S_start	S_end	Query_Coverage	Hit_Coverage	Query_n_TMS	Hit_n_TMS	TM_Overlap_Score	Family_Abrv	Predicted_Substrate	Query_Pfam	Subject_Pfam
WP_029670529.1	Q2KCQ1	1.A.22.1.4	gnl|BL_ORD_ID|13267 gnl|TC-DB|Q2KCQ1|1.A.22.1.4 Large-conductance mechanosensitive channel OS=Rhizobium etli (strain CFN 42 / ATCC 51251) GN=mscL PE=3 SV=1	140	1.44172e-14	31	158	145	18	139	3	138	76.6	93.1	2	2	1.55	MscL	CHEBI:24870;ion	PF01741	PF01741
WP_024544181.1	KRX01930	1.A.75.1.20	gnl|BL_ORD_ID|6048 gnl|TC-DB|KRX01930.1|1.A.75.1.20 hypothetical protein PPERSA_05769 [Pseudocohnilembus persalinus]	384	0.000255425	22	359	2888	2	354	1336	1707	98.1	12.8	4	36	1.75	Piezo	None	NA	PF12166
WP_024544377.1	B3PLV1	1.A.77.3.32	gnl|BL_ORD_ID|1832 gnl|TC-DB|B3PLV1|1.A.77.3.32 Hypothetical membrane protein OS=Mycoplasma arthritidis (strain 158L3-1) GN=MARTH_orf040 PE=4 SV=1	145	3.52494e-25	35	151	150	1	143	1	145	94.0	96.0	4	4	4.2	MCU	CHEBI:3473;cation	NA	NA
WP_024544315.1	WP_155315461	1.A.87.2.10	gnl|BL_ORD_ID|21994 gnl|TC-DB|WP_155315461|1.A.87.2.10 serine/threonine protein kinase [Desulfosarcina alkanivorans]	307	2.37765e-37	32	333	399	15	317	6	301	90.7	73.9	1	2	0.8	MCA	None	PF00069,PF07714,PF03109,PF06293,PF14531,PF01163	PF00069,PF07714,PF08308
WP_024544347.1	T1Y8N2	1.A.112.2.10	gnl|BL_ORD_ID|20210 gnl|TC-DB|T1Y8N2|1.A.112.2.10 Magnesium and cobalt efflux protein corC OS=Staphylococcus aureus subsp. aureus CN1 OX=1193576 GN=SAKOR_00699 PE=4 SV=1	444	6.49616e-29	24	415	449	4	412	1	419	98.3	93.1	4	4	2.5	CNNM	CHEBI:18420;magnesium(2+)	PF01595,PF00571,PF00571	PF01595,PF00571,PF00571,PF03471
WP_024544269.1	E3DLQ2	1.C.105.2.9	gnl|BL_ORD_ID|3667 gnl|TC-DB|E3DLQ2|1.C.105.2.9 Putative uncharacterized protein OS=Halanaerobium praevalens (strain ATCC 33744 / DSM 2228 / GSL) GN=Hprae_1098 PE=4 SV=1	279	5.37866e-07	20	380	872	57	331	510	769	72.1	29.7	1	2	0.0	Vip3	CHEBI:25367;molecule	NA	PF13514
WP_024544122.1	F9QCH4	1.C.105.2.11	gnl|BL_ORD_ID|4499 gnl|TC-DB|F9QCH4|1.C.105.2.11 Uncharacterized protein OS=Mycoplasma anatis 1340 GN=GIG_00652 PE=4 SV=1	779	2.00675e-14	22	746	1212	47	724	481	1212	90.8	60.3	1	1	0.0	Vip3	None	PF01732	PF01732,PF00949
WP_024544307.1	F9QCH4	1.C.105.2.11	gnl|BL_ORD_ID|4499 gnl|TC-DB|F9QCH4|1.C.105.2.11 Uncharacterized protein OS=Mycoplasma anatis 1340 GN=GIG_00652 PE=4 SV=1	553	7.18322e-14	23	613	1212	50	561	163	673	83.4	42.1	1	1	0.0	Vip3	None	NA	PF01732,PF00949
WP_036456604.1	F9QCH4	1.C.105.2.11	gnl|BL_ORD_ID|4499 gnl|TC-DB|F9QCH4|1.C.105.2.11 Uncharacterized protein OS=Mycoplasma anatis 1340 GN=GIG_00652 PE=4 SV=1	436	1.90281e-08	25	564	1212	97	504	7	415	72.2	33.7	6	1	1.0	Vip3	None	NA	PF01732,PF00949
WP_024543832.1	F9QCH4	1.C.105.2.11	gnl|BL_ORD_ID|4499 gnl|TC-DB|F9QCH4|1.C.105.2.11 Uncharacterized protein OS=Mycoplasma anatis 1340 GN=GIG_00652 PE=4 SV=1	620	4.39686e-08	20	569	1212	8	568	2	578	98.4	47.5	1	1	0.8	Vip3	None	PF03305,PF03202	PF01732,PF00949
WP_024543840.1	F9QCH4	1.C.105.2.11	gnl|BL_ORD_ID|4499 gnl|TC-DB|F9QCH4|1.C.105.2.11 Uncharacterized protein OS=Mycoplasma anatis 1340 GN=GIG_00652 PE=4 SV=1	485	1.59038e-05	20	438	1212	28	418	263	739	89.0	39.3	1	1	0.0	Vip3	None	NA	PF01732,PF00949
WP_024544369.1	F9QCH4	1.C.105.2.11	gnl|BL_ORD_ID|4499 gnl|TC-DB|F9QCH4|1.C.105.2.11 Uncharacterized protein OS=Mycoplasma anatis 1340 GN=GIG_00652 PE=4 SV=1	317	0.000235041	22	503	1212	82	364	451	755	56.1	25.1	1	1	0.0	Vip3	None	NA	PF01732,PF00949
WP_165283166.1	Q8I2Z2	2.A.1.14.47	gnl|BL_ORD_ID|16264 gnl|TC-DB|Q8I2Z2|2.A.1.14.47 Major facilitator superfamily domain-containing protein, putative OS=Plasmodium falciparum (isolate 3D7) OX=36329 GN=PF3D7_0916000 PE=3 SV=1	820	1.18358e-13	22	789	1379	27	759	40	806	92.8	55.5	1	12	0.0	MFS	None	NA	PF07690,PF00083,PF03137
WP_024544234.1	Q8I2Z2	2.A.1.14.47	gnl|BL_ORD_ID|16264 gnl|TC-DB|Q8I2Z2|2.A.1.14.47 Major facilitator superfamily domain-containing protein, putative OS=Plasmodium falciparum (isolate 3D7) OX=36329 GN=PF3D7_0916000 PE=3 SV=1	600	3.01006e-13	22	848	1379	293	820	124	685	62.1	40.7	1	12	0.0	MFS	None	NA	PF07690,PF00083,PF03137
WP_024544321.1	Q8I2Z2	2.A.1.14.47	gnl|BL_ORD_ID|16264 gnl|TC-DB|Q8I2Z2|2.A.1.14.47 Major facilitator superfamily domain-containing protein, putative OS=Plasmodium falciparum (isolate 3D7) OX=36329 GN=PF3D7_0916000 PE=3 SV=1	522	2.40739e-06	21	627	1379	32	518	264	713	77.5	32.6	1	12	0.0	MFS	None	NA	PF07690,PF00083,PF03137
WP_024543833.1	Q8I3A0	2.A.3.5.42	gnl|BL_ORD_ID|16268 gnl|TC-DB|Q8I3A0|2.A.3.5.42 Copper-transporting ATPase OS=Plasmodium falciparum (isolate 3D7) OX=36329 GN=PF3D7_0904900 PE=4 SV=2	151	0.000227067	28	157	2568	23	156	1045	1183	84.7	5.4	2	6	0.0	APC	CHEBI:29036;copper(2+), CHEBI:23379;copper(1+)	NA	PF00122,PF00702
WP_024544100.1	Q8I3A0	2.A.3.5.42	gnl|BL_ORD_ID|16268 gnl|TC-DB|Q8I3A0|2.A.3.5.42 Copper-transporting ATPase OS=Plasmodium falciparum (isolate 3D7) OX=36329 GN=PF3D7_0904900 PE=4 SV=2	746	0.000588545	21	765	2568	58	745	796	1487	89.8	26.9	1	6	0.0	APC	CHEBI:29036;copper(2+), CHEBI:23379;copper(1+)	NA	PF00122,PF00702
WP_024543868.1	Q6F2A1	2.A.3.8.31	gnl|BL_ORD_ID|14788 gnl|TC-DB|Q6F2A1|2.A.3.8.31 Putrescine/ornithine APC transporter OS=Mesoplasma florum (strain ATCC 33453 / NBRC 100688 / NCTC 11704 / L1) GN=Mfl016 PE=4 SV=1	371	2.01475e-18	24	583	537	14	366	3	353	60.4	65.2	12	12	6.4	APC	CHEBI:8301;polyamine macromolecule	PF13520	PF13520
WP_024544103.1	Q6F2A1	2.A.3.8.31	gnl|BL_ORD_ID|14788 gnl|TC-DB|Q6F2A1|2.A.3.8.31 Putrescine/ornithine APC transporter OS=Mesoplasma florum (strain ATCC 33453 / NBRC 100688 / NCTC 11704 / L1) GN=Mfl016 PE=4 SV=1	508	9.8387e-16	21	577	537	14	492	9	453	82.8	82.7	12	12	8.6	APC	CHEBI:8301;polyamine macromolecule	PF13520,PF00324,PF01490	PF13520
WP_024543863.1	Q8I5A6	2.A.18.2.12	gnl|BL_ORD_ID|16287 gnl|TC-DB|Q8I5A6|2.A.18.2.12 Amino acid transporter, putative OS=Plasmodium falciparum (isolate 3D7) OX=36329 GN=PF3D7_1231400 PE=4 SV=2	744	0.000109574	19	746	1944	53	744	1173	1868	92.6	35.8	1	10	0.0	AAAP	CHEBI:3308;calcium(2+), CHEBI:33709;amino acid	NA	NA
WP_024543842.1	Q8I5A6	2.A.18.2.12	gnl|BL_ORD_ID|16287 gnl|TC-DB|Q8I5A6|2.A.18.2.12 Amino acid transporter, putative OS=Plasmodium falciparum (isolate 3D7) OX=36329 GN=PF3D7_1231400 PE=4 SV=2	310	0.000153899	22	640	1944	195	494	1381	1661	46.7	14.4	1	10	0.0	AAAP	CHEBI:3308;calcium(2+), CHEBI:33709;amino acid	NA	NA
WP_024544012.1	G8RD42	2.A.38.4.6	gnl|BL_ORD_ID|4867 gnl|TC-DB|G8RD42|2.A.38.4.6 Potassium uptake protein , integral membranecomponent, KtrD OS=Staphylococcus aureus subsp. aureus M013 GN=M013TW_0950 PE=4 SV=1	508	6.54896e-65	30	518	452	13	518	4	452	97.5	99.1	9	10	5.05	Trk	CHEBI:8345;potassium(1+)	PF02386	PF02386
WP_024543862.1	Q58119	2.A.66.1.26	gnl|BL_ORD_ID|14206 gnl|TC-DB|Q58119|2.A.66.1.26 Uncharacterized transporter MJ0709 OS=Methanocaldococcus jannaschii (strain ATCC 43067 / DSM 2661 / JAL-1 / JCM 10045 / NBRC 100440) GN=MJ0709 PE=3 SV=1	296	4.30029e-19	26	583	450	222	514	131	413	50.1	62.7	12	12	10.0	MOP	None	NA	PF01554,PF01554,PF14667,PF01943
WP_129619887.1	Q97GE9	2.A.88.2.1	gnl|BL_ORD_ID|17574 gnl|TC-DB|Q97GE9|2.A.88.2.1 Uncharacterized conserved membrane protein OS=Clostridium acetobutylicum (strain ATCC 824 / DSM 792 / JCM 1419 / LMG 5710 / VKM B-1787) GN=CA_C2418 PE=4 SV=1	267	1.36143e-07	21	341	262	32	290	3	246	75.7	92.7	7	7	3.7	VUT	CHEBI:5140;folic acid	NA	PF12822,PF07155
WP_024544340.1	P39803	2.A.115.1.1	gnl|BL_ORD_ID|10305 gnl|TC-DB|P39803|2.A.115.1.1 UPF0750 membrane protein yitT OS=Bacillus subtilis (strain 168) GN=yitT PE=3 SV=2	267	1.29768e-09	22	383	280	47	310	7	211	68.7	72.9	7	5	3.65	NbcE	CHEBI:7644;novobiocin	PF02588,PF10035	PF02588,PF10035
WP_051327690.1	B3PMT4	2.A.123.2.1	gnl|BL_ORD_ID|1833 gnl|TC-DB|B3PMT4|2.A.123.2.1 Conserved hypothetical membrane protein OS=Mycoplasma arthritidis (strain 158L3-1) GN=MARTH_orf517 PE=4 SV=1	253	5.85701e-74	45	261	242	1	252	5	241	96.2	97.5	7	7	5.7	Sweet	CHEBI:9840;UDP-sugar	PF04193,PF04193	PF04193
WP_024544198.1	P42401	2.A.133.1.11	gnl|BL_ORD_ID|10464 gnl|TC-DB|P42401|2.A.133.1.11 Uncharacterized protein YckC OS=Bacillus subtilis (strain 168) GN=yckC PE=4 SV=2	87	8.99334e-07	33	216	151	2	88	1	77	39.8	50.3	4	3	2.15	RDD	None	PF06271	PF06271
WP_024543838.1	Q7WWQ8	3.A.1.1.20	gnl|BL_ORD_ID|15638 gnl|TC-DB|Q7WWQ8|3.A.1.1.20 Transmembrane permease MsmG - Lactobacillus acidophilus.	299	5.01834e-30	27	327	285	35	323	8	282	88.1	96.1	6	6	4.3	ABC	None	PF00528	PF00528
WP_024543837.1	Q8YU29	3.A.1.1.52	gnl|BL_ORD_ID|17101 gnl|TC-DB|Q8YU29|3.A.1.1.52 Sugar ABC transport system, permease protein OS=Nostoc sp. (strain PCC 7120 / SAG 25.82 / UTEX 2576) GN=alr2532 PE=3 SV=1	272	5.72928e-31	26	367	301	52	319	26	290	72.8	87.7	6	6	4.45	ABC	CHEBI:4853;esculin, CHEBI:6668;maltose, CHEBI:9314;sucrose, CHEBI:60980;beta-glucoside, CHEBI:5418;glucose, CHEBI:5172;fructose	PF00528	PF00528
WP_024544086.1	Q8DU36	3.A.1.2.12	gnl|BL_ORD_ID|16048 gnl|TC-DB|Q8DU36|3.A.1.2.12 Putative ABC transporter - Streptococcus mutans.	383	4.08863e-24	29	424	349	11	375	6	335	85.8	94.3	1	1	0.0	ABC	CHEBI:23636;deoxyribonucleoside	PF02608	PF02608
WP_129619870.1	A2RKA5	3.A.1.2.17	gnl|BL_ORD_ID|282 gnl|TC-DB|A2RKA5|3.A.1.2.17 Purine/cytidine ABC transporter permease protein OS=Lactococcus lactis subsp. cremoris (strain MG1363) GN=nupC PE=4 SV=1	322	8.04531e-60	39	318	317	6	317	7	317	97.8	97.8	9	9	7.55	ABC	CHEBI:7647;nucleoside	PF02653	PF02653
WP_129619872.1	A2RKA6	3.A.1.2.17	gnl|BL_ORD_ID|283 gnl|TC-DB|A2RKA6|3.A.1.2.17 Purine/cytidine ABC transporter permease protein OS=Lactococcus lactis subsp. cremoris (strain MG1363) GN=nupB PE=4 SV=1	352	1.12658e-34	29	689	364	39	380	6	346	49.5	93.4	9	8	7.9	ABC	CHEBI:7647;nucleoside	PF02653	PF02653
WP_024544322.1	Q97UG4	3.A.1.5.8	gnl|BL_ORD_ID|17603 gnl|TC-DB|Q97UG4|3.A.1.5.8 Maltose ABC transporter, permease - Sulfolobus solfataricus.	276	3.42079e-18	26	321	322	46	301	50	319	79.4	83.5	6	7	4.25	ABC	CHEBI:17593;maltooligosaccharide, CHEBI:6668;maltose	PF00528	PF00528
WP_024543964.1	Q2FZR7	3.A.1.5.19	gnl|BL_ORD_ID|13238 gnl|TC-DB|Q2FZR7|3.A.1.5.19 Putative uncharacterized protein - Staphylococcus aureus (strain NCTC 8325).	340	3.35298e-40	29	456	308	1	335	1	301	73.2	97.4	7	6	2.8	ABC	CHEBI:7755;oligopeptide	PF00528	PF00528,PF19300
WP_029670559.1	Q2FZR6	3.A.1.5.19	gnl|BL_ORD_ID|13237 gnl|TC-DB|Q2FZR6|3.A.1.5.19 Putative uncharacterized protein - Staphylococcus aureus (strain NCTC 8325).	267	3.10488e-35	31	451	356	188	443	94	354	56.5	73.0	6	6	4.4	ABC	CHEBI:7755;oligopeptide	PF00528,PF12911	PF00528,PF12911
WP_024544323.1	Q2FZR6	3.A.1.5.19	gnl|BL_ORD_ID|13237 gnl|TC-DB|Q2FZR6|3.A.1.5.19 Putative uncharacterized protein - Staphylococcus aureus (strain NCTC 8325).	244	1.70244e-18	24	390	356	151	390	124	355	61.3	64.9	5	6	2.9	ABC	CHEBI:7755;oligopeptide	PF00528,PF12911	PF00528,PF12911
WP_024544309.1	P16683	3.A.1.9.1	gnl|BL_ORD_ID|9231 gnl|TC-DB|P16683|3.A.1.9.1 Phosphonates transport system permease protein phnE - Escherichia coli.	191	0.000225551	20	564	259	85	273	62	247	33.3	71.4	12	6	4.5	ABC	CHEBI:34755;iron(3+)	PF00528	PF00528
WP_129619938.1	A0QQ68	3.A.1.9.2	gnl|BL_ORD_ID|95 gnl|TC-DB|A0QQ68|3.A.1.9.2 Putative transporter - Mycobacterium smegmatis (strain ATCC 700084 / mc(2)155).	480	3.24057e-39	24	723	532	106	577	83	532	65.1	84.4	13	12	7.0	ABC	CHEBI:8154;phosphonate(2-), CHEBI:7793;phosphate(3-), CHEBI:29197;phosphite(3-)	PF00528	PF00528,PF00528
WP_024544333.1	Q7A678	3.A.1.11.8	gnl|BL_ORD_ID|15377 gnl|TC-DB|Q7A678|3.A.1.11.8 PotB protein OS=Staphylococcus aureus (strain N315) GN=potB PE=3 SV=1	252	2.92273e-28	29	289	265	28	266	8	254	82.4	92.8	6	6	5.35	ABC	CHEBI:9218;spermidine, CHEBI:9219;spermine	PF00528	PF00528
WP_024544334.1	Q7A677	3.A.1.11.8	gnl|BL_ORD_ID|15376 gnl|TC-DB|Q7A677|3.A.1.11.8 PotC protein OS=Staphylococcus aureus (strain N315) GN=potC PE=3 SV=1	240	1.03667e-23	25	280	269	12	248	8	240	84.3	86.2	6	6	5.15	ABC	CHEBI:9218;spermidine, CHEBI:9219;spermine	PF00528	PF00528
WP_024543875.1	Q57130	3.A.1.14.11	gnl|BL_ORD_ID|14176 gnl|TC-DB|Q57130|3.A.1.14.11 Probable ABC transporter permease protein HI_1471 OS=Haemophilus influenzae (strain ATCC 51907 / DSM 11121 / KW20 / Rd) GN=HI_1471 PE=1 SV=1	335	4.69055e-68	34	343	337	11	342	10	336	96.5	96.7	10	8	7.1	ABC	CHEBI:6967;molybdate, CHEBI:46502;tungstate	PF01032,PF00950	PF01032
WP_024543979.1	Q03PY7	3.A.1.26.9	gnl|BL_ORD_ID|12146 gnl|TC-DB|Q03PY7|3.A.1.26.9 Energy-coupling factor transporter transmembrane protein EcfT OS=Lactobacillus brevis (strain ATCC 367 / JCM 1170) GN=ecfT PE=3 SV=1	302	2.18216e-48	30	316	266	1	297	1	260	93.7	97.4	7	6	4.35	ABC	CHEBI:5140;folic acid	PF02361	PF02361,PF02361
WP_024544222.1	Q0P9C4	3.A.1.106.15	gnl|BL_ORD_ID|12461 gnl|TC-DB|Q0P9C4|3.A.1.106.15 Protein glycosylation K OS=Campylobacter jejuni subsp. jejuni serotype O:2 (strain ATCC 700819 / NCTC 11168) GN=pglK PE=1 SV=1	513	1.30096e-31	24	541	564	51	529	67	564	88.4	88.1	7	5	5.05	ABC	CHEBI:6486;lipid	PF00005	PF00005,PF00664,PF09818
WP_169720117.1	Q0P9C4	3.A.1.106.15	gnl|BL_ORD_ID|12461 gnl|TC-DB|Q0P9C4|3.A.1.106.15 Protein glycosylation K OS=Campylobacter jejuni subsp. jejuni serotype O:2 (strain ATCC 700819 / NCTC 11168) GN=pglK PE=1 SV=1	488	6.41095e-22	22	504	564	29	484	71	544	90.3	83.9	5	5	2.9	ABC	CHEBI:6486;lipid	PF00005	PF00005,PF00664,PF09818
WP_036456619.1	P68579	3.A.1.112.4	gnl|BL_ORD_ID|11246 gnl|TC-DB|P68579|3.A.1.112.4 SPBc2 prophage-derived sublancin-168-processing and transport ATP- binding protein sunT - Bacillus subtilis.	690	6.33805e-48	26	677	705	6	666	12	683	97.5	95.2	6	8	4.5	ABC	None	PF03412,PF00005,PF00664	PF00664,PF03412,PF00005,PF00158
WP_129619922.1	A4XGX1	3.A.1.135.10	gnl|BL_ORD_ID|462 gnl|TC-DB|A4XGX1|3.A.1.135.10 ABC transporter related protein OS=Caldicellulosiruptor saccharolyticus (strain ATCC 43494 / DSM 8903 / Tp8T 6331) OX=351627 GN=Csac_0522 PE=4 SV=1	596	1.00689e-118	39	626	615	29	622	39	612	94.7	93.2	7	5	3.95	ABC	None	PF00664,PF00005	PF00664,PF00005,PF13748,PF00004
WP_024544349.1	A4XGX0	3.A.1.135.10	gnl|BL_ORD_ID|461 gnl|TC-DB|A4XGX0|3.A.1.135.10 ABC transporter related protein OS=Caldicellulosiruptor saccharolyticus (strain ATCC 43494 / DSM 8903 / Tp8T 6331) OX=351627 GN=Csac_0521 PE=4 SV=1	606	1.87835e-103	33	601	578	1	601	1	576	99.8	99.5	7	7	2.8	ABC	None	PF00005,PF00664	PF00664,PF00005
WP_024544200.1	NP_064912	3.A.1.211.21	gnl|BL_ORD_ID|6632 gnl|TC-DB|NP_064912.1|3.A.1.211.21 putative ATP-binding cassette transporter [Amsacta moorei entomopoxvirus]	558	3.56757e-07	21	527	1384	8	517	350	885	96.6	38.7	1	15	1.0	ABC	None	NA	PF00005,PF00005
WP_024544039.1	O97278	3.A.1.211.28	gnl|BL_ORD_ID|7812 gnl|TC-DB|O97278|3.A.1.211.28 ABC transporter I family member 1, putative OS=Plasmodium falciparum (isolate 3D7) OX=36329 GN=PF3D7_0319700 PE=4 SV=4	592	2.98652e-06	20	570	3133	56	555	1086	1637	87.5	17.6	6	11	0.0	ABC	None	NA	PF00005
WP_024544331.1	O97278	3.A.1.211.28	gnl|BL_ORD_ID|7812 gnl|TC-DB|O97278|3.A.1.211.28 ABC transporter I family member 1, putative OS=Plasmodium falciparum (isolate 3D7) OX=36329 GN=PF3D7_0319700 PE=4 SV=4	333	7.88141e-05	23	571	3133	179	481	1667	1968	52.9	9.6	1	11	0.0	ABC	None	NA	PF00005
WP_024544376.1	Q9RMB6	3.A.2.1.5	gnl|BL_ORD_ID|18870 gnl|TC-DB|Q9RMB6|3.A.2.1.5 ATP synthase subunit a OS=Acetobacterium woodii GN=atpB PE=3 SV=1	215	2.59322e-17	26	277	220	32	240	24	220	75.1	89.1	5	6	3.95	F-ATPase	CHEBI:9175;sodium(1+)	PF00119	PF00119
WP_024544375.1	Q59166	3.A.2.1.5	gnl|BL_ORD_ID|14237 gnl|TC-DB|Q59166|3.A.2.1.5 F1FO ATPase c2 subunit OS=Acetobacterium woodii GN=atpE2 PE=3 SV=2	67	6.21975e-13	39	92	82	25	91	11	77	71.7	80.5	2	2	2.2	F-ATPase	CHEBI:9175;sodium(1+)	PF00137	PF00137
WP_024544374.1	BAK19943	3.A.2.1.10	gnl|BL_ORD_ID|2231 gnl|TC-DB|BAK19943|3.A.2.1.10 ApH+ATPase b subunit [Aphanothece halophytica]	90	3.18695e-07	23	174	164	35	124	37	126	51.1	54.3	1	1	1.0	F-ATPase	None	PF00430	PF00430
WP_024544282.1	A9BJX0	3.A.3.2.21	gnl|BL_ORD_ID|922 gnl|TC-DB|A9BJX0|3.A.3.2.21 Calcium-translocating P-type ATPase, PMCA-type OS=Petrotoga mobilis (strain DSM 10674 / SJ95) GN=Pmob_0991 PE=3 SV=1	938	0.0	39	938	887	22	929	14	887	96.7	98.4	13	10	6.25	P-ATPase	CHEBI:3308;calcium(2+)	PF00122,PF00689,PF00702,PF13246,PF00690,PF08282	PF00122,PF00689,PF00702,PF13246,PF00690
WP_024544266.1	I4G6G7	3.A.3.4.5	gnl|BL_ORD_ID|5334 gnl|TC-DB|I4G6G7|3.A.3.4.5 Magnesium-transporting ATPase, P-type 1 OS=Microcystis aeruginosa PCC 9443 OX=1160281 GN=mgtA PE=4 SV=1	919	0.0	43	913	912	15	909	34	909	97.9	95.9	10	8	4.3	P-ATPase	CHEBI:6635;magnesium(2+)	PF00122,PF00702,PF00689,PF00690,PF13246	PF00122,PF00702,PF00690,PF00689,PF13246
WP_024543990.1	O32047	3.A.5.2.1	gnl|BL_ORD_ID|7081 gnl|TC-DB|O32047|3.A.5.2.1 Protein translocase subunit SecDF OS=Bacillus subtilis (strain 168) GN=secDF PE=1 SV=2	535	4.60399e-14	19	875	737	320	839	223	725	59.3	68.1	12	12	7.65	Sec	CHEBI:8526;protein polypeptide chain	NA	PF02355,PF02355,PF00873,PF03176,PF07549,PF02355,PF02355,PF00873,PF03176,PF07549
WP_024543952.1	P10250	3.A.5.3.1	gnl|BL_ORD_ID|8987 gnl|TC-DB|P10250|3.A.5.3.1 PREPROTEIN TRANSLOCASE SECY SUBUNIT - Mycoplasma capricolum.	475	6.07703e-90	36	528	482	51	510	7	466	86.9	95.2	10	10	7.45	Sec	CHEBI:8526;protein polypeptide chain	PF00344	PF00344
WP_129619942.1	P43042	3.A.5.3.1	gnl|BL_ORD_ID|10498 gnl|TC-DB|P43042|3.A.5.3.1 Membrane protein insertase YidC OS=Mycoplasma capricolum subsp. capricolum (strain California kid / ATCC 27343 / NCTC 10154) OX=340047 GN=yidC PE=3 SV=1	269	2.92352e-33	31	641	388	376	625	100	367	38.8	68.8	4	8	1.65	Sec	CHEBI:8526;protein polypeptide chain	PF02096	PF02096
WP_024543993.1	Q2ST21	3.A.5.3.1	gnl|BL_ORD_ID|13321 gnl|TC-DB|Q2ST21|3.A.5.3.1 Protein-export membrane protein SecG OS=Mycoplasma capricolum subsp. capricolum (strain California kid / ATCC 27343 / NCTC 10154) OX=340047 GN=MCAP_0098 PE=3 SV=1	67	1.74496e-07	40	83	118	12	78	47	112	79.5	55.1	2	3	1.9	Sec	CHEBI:8526;protein polypeptide chain	PF03840	PF03840
WP_024543981.1	P39695	3.A.11.1.1	gnl|BL_ORD_ID|10293 gnl|TC-DB|P39695|3.A.11.1.1 COME OPERON PROTEIN 3 - Bacillus subtilis.	257	1.09253e-09	22	383	776	123	364	219	472	62.9	32.6	8	12	2.5	DNA-T	CHEBI:75980;single-stranded DNA polynucleotide	PF03772	PF03772,PF00753,PF13567
WP_024543982.1	Q8DQ41	3.A.11.1.2	gnl|BL_ORD_ID|16026 gnl|TC-DB|Q8DQ41|3.A.11.1.2 Competence protein - Streptococcus pneumoniae (strain ATCC BAA-255 / R6).	164	6.91789e-05	21	170	216	28	170	54	215	83.5	74.5	1	1	0.0	DNA-T	CHEBI:75980;single-stranded DNA polynucleotide	NA	PF12836,PF10531
WP_024544191.1	Q9WZ49	3.A.29.1.7	gnl|BL_ORD_ID|19338 gnl|TC-DB|Q9WZ49|3.A.29.1.7 ATP-dependent zinc metalloprotease FtsH OS=Thermotoga maritima (strain ATCC 43589 / DSM 3109 / JCM 10099 / NBRC 100826 / MSB8) OX=243274 GN=ftsH PE=1 SV=1	496	1.22391e-168	52	724	610	159	647	104	597	67.4	80.8	4	2	1.0	MIMP	CHEBI:14911;protein	PF01434,PF00004,PF17862	PF01434,PF00004,PF17862,PF07728,PF06480
WP_024543802.1	P54715	4.A.1.1.8	gnl|BL_ORD_ID|10962 gnl|TC-DB|P54715|4.A.1.1.8 PTS system, arbutin-like IICB component (Phosphotransferase enzyme II, CB component) (EC 2.7.1.69) - Bacillus subtilis.	74	0.000881011	26	128	527	49	122	455	523	57.0	12.9	3	12	0.0	Glc	CHEBI:6668;maltose	NA	PF02378,PF00367
WP_024544203.1	C7NB69	4.A.1.1.16	gnl|BL_ORD_ID|2667 gnl|TC-DB|C7NB69|4.A.1.1.16 PTS system alpha-glucoside-specific EIICB component OS=Leptotrichia buccalis (strain ATCC 14201 / DSM 1135 / JCM 12969 / NCTC 10249) GN=Lebu_1527 PE=4 SV=1	425	7.10646e-09	20	935	529	22	398	3	399	40.2	74.9	10	12	7.95	Glc	None	NA	PF02378,PF00367
WP_024544077.1	Q6ADZ6	4.F.1.1.7	gnl|BL_ORD_ID|14741 gnl|TC-DB|Q6ADZ6|4.F.1.1.7 CDP-diacylglycerol--glycerol-3-phosphate 3-phosphatidyltransferase OS=Leifsonia xyli subsp. xyli (strain CTCB07) GN=pgsA PE=3 SV=1	158	7.06244e-15	32	306	189	72	228	35	181	51.0	77.2	5	5	3.65	CEPT1	CHEBI:7793;phosphate(3-)	PF01066	PF01066
WP_024544229.1	WP_101143913	9.A.7.1.6	gnl|BL_ORD_ID|21681 gnl|TC-DB|WP_101143913.1|9.A.7.1.6 amino acid ABC transporter permease [Macrococcus caseolyticus]	201	4.78533e-05	23	211	732	11	209	459	644	93.8	25.3	1	8	0.7	LactococcinIP	None	NA	NA
WP_029670583.1	B1R5B7	9.A.8.1.14	gnl|BL_ORD_ID|1648 gnl|TC-DB|B1R5B7|9.A.8.1.14 Ferrous iron transport protein B OS=Clostridium perfringens B str. ATCC 3626 GN=feoB PE=3 SV=1	152	0.00029036	30	274	669	119	262	2	126	52.2	18.5	1	10	0.0	FeoB	CHEBI:34754;iron(2+)	PF01926,PF02421	PF02421,PF07670,PF07670,PF07664,PF17910,PF01926,PF09439
WP_024544265.1	Q33559	9.B.14.1.8	gnl|BL_ORD_ID|13379 gnl|TC-DB|Q33559|9.B.14.1.8 MURF1 protein (Fragment) OS=Leishmania tarentolae GN=MURF1 PE=4 SV=1	256	8.00044e-06	26	309	443	36	285	2	237	80.6	53.0	8	16	5.3	HEP	None	NA	NA
WP_024544123.1	Q6MSZ2	9.B.14.4.3	gnl|BL_ORD_ID|14953 gnl|TC-DB|Q6MSZ2|9.B.14.4.3 Conserved hypothetical transmembrane protein OS=Mycoplasma mycoides subsp. mycoides SC (strain PG1) GN=MSC_0624 PE=4 SV=1	456	2.45085e-62	30	493	487	7	459	6	454	91.7	92.0	12	12	10.4	HEP	None	NA	NA
WP_024544129.1	Q6MSZ2	9.B.14.4.3	gnl|BL_ORD_ID|14953 gnl|TC-DB|Q6MSZ2|9.B.14.4.3 Conserved hypothetical transmembrane protein OS=Mycoplasma mycoides subsp. mycoides SC (strain PG1) GN=MSC_0624 PE=4 SV=1	488	9.32461e-52	26	498	487	4	487	3	478	97.0	97.5	12	12	8.9	HEP	None	NA	NA
WP_024544299.1	Q45064	9.B.31.1.2	gnl|BL_ORD_ID|13615 gnl|TC-DB|Q45064|9.B.31.1.2 Glycerol-3-phosphate acyltransferase OS=Bacillus subtilis (strain 168) GN=plsY PE=1 SV=1	213	2.15953e-27	32	232	193	11	222	5	193	90.9	97.4	6	5	4.7	PlsY	None	PF02660	PF02660
WP_024544251.1	D0DT64	9.B.126.2.5	gnl|BL_ORD_ID|2935 gnl|TC-DB|D0DT64|9.B.126.2.5 YihY family protein OS=Lactobacillus fermentum 28-3-CHN GN=HMPREF0513_00853 PE=4 SV=1	268	0.000347128	21	372	299	94	345	33	270	67.5	79.3	7	6	4.85	YhjD	None	PF03631	PF03631
WP_024544210.1	WP_043729325	9.B.273.1.1	gnl|BL_ORD_ID|21088 gnl|TC-DB|WP_043729325|9.B.273.1.1 phosphatidate cytidylyltransferase [Streptomyces zinciresistens]	155	2.47913e-15	37	278	385	116	264	228	366	53.2	35.8	7	9	4.9	PCT	None	PF01148	PF01148
WP_024543925.1	WP_063487264	9.B.330.4.2	gnl|BL_ORD_ID|21300 gnl|TC-DB|WP_063487264.1|9.B.330.4.2 prolipoprotein diacylglyceryl transferase [Lactobacillus plantarum]	274	5.60374e-38	34	329	272	9	276	11	269	81.2	94.9	6	7	4.6	DUF4013	None	PF01790	PF01790
WP_024544098.1	WP_147664419	9.B.404.1.1	gnl|BL_ORD_ID|21956 gnl|TC-DB|WP_147664419|9.B.404.1.1 hypothetical protein [Candidatus Prometheoarchaeum syntrophicum]	108	0.00016925	27	104	314	3	103	136	242	96.2	33.8	3	8	2.25	UABP15	None	NA	NA
WP_024543828.1	G4NXA5	1.A.33.1.4	gnl|BL_ORD_ID|4728 gnl|TC-DB|G4NXA5|1.A.33.1.4 Chaperone protein DnaK OS=Bacillus subtilis subsp. spizizenii TU-B-10 GN=dnaK PE=3 SV=1	561	0.0	55	596	611	6	566	4	562	94.0	91.3	0	0	None	Hsp70	None	PF00012,PF00012,PF06723	PF00012,PF00012,PF06723
WP_024544025.1	KAG6474414	1.A.130.1.3	gnl|BL_ORD_ID|5809 gnl|TC-DB|KAG6474414.1|1.A.130.1.3 hypothetical protein ZIOFF_068349 [Zingiber officinale]	140	1.31139e-10	34	299	471	4	127	152	288	41.1	28.9	0	6	None	MLO	None	PF01795	PF03094,PF01795
WP_024543822.1	G8LS65	1.B.14.15.7	gnl|BL_ORD_ID|4850 gnl|TC-DB|G8LS65|1.B.14.15.7 Uncharacterized protein OS=Blattabacterium sp. (Cryptocercus punctulatus) str. Cpu GN=BLBCPU_396 PE=4 SV=1	250	0.000193844	26	299	621	49	259	266	507	70.2	38.8	0	2	None	OMR	CHEBI:25367;molecule	PF07261	PF14121
WP_024544026.1	A2PYQ6	1.C.57.1.5	gnl|BL_ORD_ID|264 gnl|TC-DB|A2PYQ6|1.C.57.1.5 TpeL - Clostridium perfringens.	294	2.93708e-06	24	364	1651	11	279	599	867	73.6	16.2	0	0	None	CCT	CHEBI:7990;peptide, CHEBI:25367;molecule	NA	PF12920,PF12919,PF11713,PF12918,PF04488
WP_024544118.1	Q9ZK21	1.C.82.1.1	gnl|BL_ORD_ID|19618 gnl|TC-DB|Q9ZK21|1.C.82.1.1 50S ribosomal protein L1 - Helicobacter pylori J99 (Campylobacter pylori J99).	227	3.81805e-62	44	230	234	1	227	1	225	98.3	95.7	0	0	None	HP2-20	CHEBI:25367;molecule	PF00687	PF00687
WP_024544042.1	Q7RFQ7	1.C.105.2.1	gnl|BL_ORD_ID|15502 gnl|TC-DB|Q7RFQ7|1.C.105.2.1 235 kDa rhoptry protein (Fragment) OS=Plasmodium yoelii yoelii GN=PY04647 PE=4 SV=1	741	3.58951e-06	20	1079	1081	372	1052	319	1012	63.0	64.1	0	0	None	Vip3	CHEBI:25367;molecule	PF13086,PF13087,PF13195	PF18515
WP_024544095.1	Q7RFQ7	1.C.105.2.1	gnl|BL_ORD_ID|15502 gnl|TC-DB|Q7RFQ7|1.C.105.2.1 235 kDa rhoptry protein (Fragment) OS=Plasmodium yoelii yoelii GN=PY04647 PE=4 SV=1	154	0.000214512	26	233	1081	90	232	137	284	60.9	13.6	0	0	None	Vip3	CHEBI:25367;molecule	PF02527	PF18515
WP_129619907.1	A2ETW9	1.C.105.2.2	gnl|BL_ORD_ID|249 gnl|TC-DB|A2ETW9|1.C.105.2.2 Viral A-type inclusion protein, putative OS=Trichomonas vaginalis GN=TVAG_192230 PE=4 SV=1	2057	1.9045e-74	21	2561	2010	29	1920	66	1988	73.8	95.6	1	0	None	Vip3	CHEBI:3473;cation	NA	NA
WP_129619883.1	A2ETW9	1.C.105.2.2	gnl|BL_ORD_ID|249 gnl|TC-DB|A2ETW9|1.C.105.2.2 Viral A-type inclusion protein, putative OS=Trichomonas vaginalis GN=TVAG_192230 PE=4 SV=1	1307	3.66309e-53	22	1386	2010	68	1245	256	1502	84.9	62.0	1	0	None	Vip3	CHEBI:3473;cation	PF04200	NA
WP_129619880.1	A2ETW9	1.C.105.2.2	gnl|BL_ORD_ID|249 gnl|TC-DB|A2ETW9|1.C.105.2.2 Viral A-type inclusion protein, putative OS=Trichomonas vaginalis GN=TVAG_192230 PE=4 SV=1	1181	6.58917e-44	21	1280	2010	31	1139	426	1502	86.6	53.5	1	0	None	Vip3	CHEBI:3473;cation	PF04200	NA
WP_129619912.1	A2ETW9	1.C.105.2.2	gnl|BL_ORD_ID|249 gnl|TC-DB|A2ETW9|1.C.105.2.2 Viral A-type inclusion protein, putative OS=Trichomonas vaginalis GN=TVAG_192230 PE=4 SV=1	979	1.70045e-14	20	1247	2010	42	964	252	1152	73.9	44.8	1	0	None	Vip3	CHEBI:3473;cation	PF04200,PF04200,PF04200,PF04200,PF04200,PF04200,PF04200,PF04200	NA
WP_024544153.1	A2ETW9	1.C.105.2.2	gnl|BL_ORD_ID|249 gnl|TC-DB|A2ETW9|1.C.105.2.2 Viral A-type inclusion protein, putative OS=Trichomonas vaginalis GN=TVAG_192230 PE=4 SV=1	455	1.47243e-13	25	446	2010	20	441	739	1136	94.4	19.8	0	0	None	Vip3	CHEBI:3473;cation	PF09903	NA
WP_024543816.1	A2ETW9	1.C.105.2.2	gnl|BL_ORD_ID|249 gnl|TC-DB|A2ETW9|1.C.105.2.2 Viral A-type inclusion protein, putative OS=Trichomonas vaginalis GN=TVAG_192230 PE=4 SV=1	590	2.27568e-11	22	576	2010	29	574	192	756	94.6	28.1	1	0	None	Vip3	CHEBI:3473;cation	NA	NA
WP_024544114.1	A2ETW9	1.C.105.2.2	gnl|BL_ORD_ID|249 gnl|TC-DB|A2ETW9|1.C.105.2.2 Viral A-type inclusion protein, putative OS=Trichomonas vaginalis GN=TVAG_192230 PE=4 SV=1	715	8.29878e-11	21	760	2010	32	700	288	936	87.9	32.2	1	0	None	Vip3	CHEBI:3473;cation	PF04200,PF04200	NA
WP_024544152.1	A2ETW9	1.C.105.2.2	gnl|BL_ORD_ID|249 gnl|TC-DB|A2ETW9|1.C.105.2.2 Viral A-type inclusion protein, putative OS=Trichomonas vaginalis GN=TVAG_192230 PE=4 SV=1	658	5.2505e-08	19	723	2010	30	636	240	870	83.8	31.3	1	0	None	Vip3	CHEBI:3473;cation	PF04200	NA
WP_024544133.1	A2ETW9	1.C.105.2.2	gnl|BL_ORD_ID|249 gnl|TC-DB|A2ETW9|1.C.105.2.2 Viral A-type inclusion protein, putative OS=Trichomonas vaginalis GN=TVAG_192230 PE=4 SV=1	643	2.23987e-06	20	697	2010	39	631	129	751	84.9	30.9	3	0	None	Vip3	CHEBI:3473;cation	NA	NA
WP_024544252.1	A2ETW9	1.C.105.2.2	gnl|BL_ORD_ID|249 gnl|TC-DB|A2ETW9|1.C.105.2.2 Viral A-type inclusion protein, putative OS=Trichomonas vaginalis GN=TVAG_192230 PE=4 SV=1	328	7.5482e-05	24	472	2010	193	472	846	1167	59.1	16.0	0	0	None	Vip3	CHEBI:3473;cation	PF02934,PF02637	NA
WP_024544295.1	A2ETW9	1.C.105.2.2	gnl|BL_ORD_ID|249 gnl|TC-DB|A2ETW9|1.C.105.2.2 Viral A-type inclusion protein, putative OS=Trichomonas vaginalis GN=TVAG_192230 PE=4 SV=1	811	0.000149225	20	951	2010	13	734	497	1279	75.8	38.9	0	0	None	Vip3	CHEBI:3473;cation	PF04200,PF04200	NA
WP_024544011.1	W7G0Y1	1.C.105.2.10	gnl|BL_ORD_ID|20672 gnl|TC-DB|W7G0Y1|1.C.105.2.10 Reticulocyte-binding protein OS=Plasmodium falciparum Santa Lucia GN=PFAG_00579 PE=4 SV=1	2602	1.98916e-33	20	2668	2968	91	2461	120	2527	88.8	81.1	1	0	None	Vip3	CHEBI:25367;molecule	NA	NA
WP_024544073.1	W7G0Y1	1.C.105.2.10	gnl|BL_ORD_ID|20672 gnl|TC-DB|W7G0Y1|1.C.105.2.10 Reticulocyte-binding protein OS=Plasmodium falciparum Santa Lucia GN=PFAG_00579 PE=4 SV=1	1901	2.53394e-18	20	2363	2968	311	2013	761	2539	72.0	59.9	0	0	None	Vip3	CHEBI:25367;molecule	PF13472	NA
WP_024544126.1	W7G0Y1	1.C.105.2.10	gnl|BL_ORD_ID|20672 gnl|TC-DB|W7G0Y1|1.C.105.2.10 Reticulocyte-binding protein OS=Plasmodium falciparum Santa Lucia GN=PFAG_00579 PE=4 SV=1	678	1.06295e-13	20	685	2968	41	654	1192	1832	89.5	21.6	3	0	None	Vip3	CHEBI:25367;molecule	NA	NA
WP_024544096.1	W7G0Y1	1.C.105.2.10	gnl|BL_ORD_ID|20672 gnl|TC-DB|W7G0Y1|1.C.105.2.10 Reticulocyte-binding protein OS=Plasmodium falciparum Santa Lucia GN=PFAG_00579 PE=4 SV=1	1235	1.18079e-10	19	2810	2968	546	1694	757	1891	40.9	38.2	8	0	None	Vip3	CHEBI:25367;molecule	PF02687,PF02687	NA
WP_024544081.1	W7G0Y1	1.C.105.2.10	gnl|BL_ORD_ID|20672 gnl|TC-DB|W7G0Y1|1.C.105.2.10 Reticulocyte-binding protein OS=Plasmodium falciparum Santa Lucia GN=PFAG_00579 PE=4 SV=1	620	1.08545e-08	21	730	2968	100	671	1798	2345	78.2	18.4	0	0	None	Vip3	CHEBI:25367;molecule	NA	NA
WP_024544260.1	W7G0Y1	1.C.105.2.10	gnl|BL_ORD_ID|20672 gnl|TC-DB|W7G0Y1|1.C.105.2.10 Reticulocyte-binding protein OS=Plasmodium falciparum Santa Lucia GN=PFAG_00579 PE=4 SV=1	512	1.35667e-06	22	491	2968	33	481	1203	1691	91.2	16.4	1	0	None	Vip3	CHEBI:25367;molecule	NA	NA
WP_024544124.1	W7G0Y1	1.C.105.2.10	gnl|BL_ORD_ID|20672 gnl|TC-DB|W7G0Y1|1.C.105.2.10 Reticulocyte-binding protein OS=Plasmodium falciparum Santa Lucia GN=PFAG_00579 PE=4 SV=1	300	4.54183e-05	19	304	2968	9	301	2024	2287	96.1	8.9	0	0	None	Vip3	CHEBI:25367;molecule	NA	NA
WP_024544189.1	W7G0Y1	1.C.105.2.10	gnl|BL_ORD_ID|20672 gnl|TC-DB|W7G0Y1|1.C.105.2.10 Reticulocyte-binding protein OS=Plasmodium falciparum Santa Lucia GN=PFAG_00579 PE=4 SV=1	403	4.67487e-05	21	410	2968	2	364	1333	1684	88.3	11.8	0	0	None	Vip3	CHEBI:25367;molecule	PF13391	NA
WP_024543871.1	W7G0Y1	1.C.105.2.10	gnl|BL_ORD_ID|20672 gnl|TC-DB|W7G0Y1|1.C.105.2.10 Reticulocyte-binding protein OS=Plasmodium falciparum Santa Lucia GN=PFAG_00579 PE=4 SV=1	410	9.22619e-05	23	443	2968	1	373	1951	2341	84.0	13.1	2	0	None	Vip3	CHEBI:25367;molecule	NA	NA
WP_024543865.1	W7G0Y1	1.C.105.2.10	gnl|BL_ORD_ID|20672 gnl|TC-DB|W7G0Y1|1.C.105.2.10 Reticulocyte-binding protein OS=Plasmodium falciparum Santa Lucia GN=PFAG_00579 PE=4 SV=1	276	0.000174797	23	564	2968	95	339	933	1201	43.3	9.0	0	0	None	Vip3	CHEBI:25367;molecule	PF08459,PF01541	NA
WP_129619903.1	F9QCH4	1.C.105.2.11	gnl|BL_ORD_ID|4499 gnl|TC-DB|F9QCH4|1.C.105.2.11 Uncharacterized protein OS=Mycoplasma anatis 1340 GN=GIG_00652 PE=4 SV=1	632	3.98188e-07	23	1033	1212	4	597	141	683	57.4	44.7	0	1	None	Vip3	None	PF13086,PF13087	PF01732,PF00949
WP_024544020.1	E6X5M3	1.C.105.2.12	gnl|BL_ORD_ID|3815 gnl|TC-DB|E6X5M3|1.C.105.2.12 Uncharacterized protein OS=Cellulophaga algicola (strain DSM 14237 / IC166 / ACAM 630) GN=Celal_1064 PE=4 SV=1	538	1.43757e-05	22	612	875	33	514	281	767	78.6	55.5	0	1	None	Vip3	None	PF01432,PF08439	NA
WP_024544352.1	E6X5M3	1.C.105.2.12	gnl|BL_ORD_ID|3815 gnl|TC-DB|E6X5M3|1.C.105.2.12 Uncharacterized protein OS=Cellulophaga algicola (strain DSM 14237 / IC166 / ACAM 630) GN=Celal_1064 PE=4 SV=1	601	2.14937e-05	22	553	875	10	547	280	827	97.1	62.5	0	1	None	Vip3	None	NA	NA
WP_024544284.1	CRG96273	1.C.105.2.14	gnl|BL_ORD_ID|2914 gnl|TC-DB|CRG96273|1.C.105.2.14 conserved Plasmodium protein, unknown function [Plasmodium gallinaceum]	818	9.02291e-17	23	987	1810	42	754	777	1540	72.1	42.2	3	0	None	Vip3	None	NA	NA
WP_024544049.1	CRG96273	1.C.105.2.14	gnl|BL_ORD_ID|2914 gnl|TC-DB|CRG96273|1.C.105.2.14 conserved Plasmodium protein, unknown function [Plasmodium gallinaceum]	822	5.23845e-15	21	829	1810	1	768	359	1100	92.5	40.9	0	0	None	Vip3	None	PF04851,PF00270	NA
WP_024544368.1	CRG96273	1.C.105.2.14	gnl|BL_ORD_ID|2914 gnl|TC-DB|CRG96273|1.C.105.2.14 conserved Plasmodium protein, unknown function [Plasmodium gallinaceum]	681	5.53029e-11	19	706	1810	14	642	547	1166	89.0	34.2	0	0	None	Vip3	None	PF13395,PF18541	NA
WP_024544032.1	CRG96273	1.C.105.2.14	gnl|BL_ORD_ID|2914 gnl|TC-DB|CRG96273|1.C.105.2.14 conserved Plasmodium protein, unknown function [Plasmodium gallinaceum]	896	2.69051e-10	19	815	1810	22	814	292	1151	97.2	47.5	1	0	None	Vip3	None	NA	NA
WP_024544239.1	CRG96273	1.C.105.2.14	gnl|BL_ORD_ID|2914 gnl|TC-DB|CRG96273|1.C.105.2.14 conserved Plasmodium protein, unknown function [Plasmodium gallinaceum]	343	3.56804e-08	23	568	1810	182	504	432	741	56.7	17.1	6	0	None	Vip3	None	NA	NA
WP_024544185.1	CRG96273	1.C.105.2.14	gnl|BL_ORD_ID|2914 gnl|TC-DB|CRG96273|1.C.105.2.14 conserved Plasmodium protein, unknown function [Plasmodium gallinaceum]	480	4.49356e-08	22	657	1810	1	470	996	1426	71.4	23.8	2	0	None	Vip3	None	NA	NA
WP_024544048.1	CRG96273	1.C.105.2.14	gnl|BL_ORD_ID|2914 gnl|TC-DB|CRG96273|1.C.105.2.14 conserved Plasmodium protein, unknown function [Plasmodium gallinaceum]	429	6.06884e-08	24	417	1810	28	415	143	545	92.8	22.2	0	0	None	Vip3	None	PF20469,PF13304	NA
WP_129619908.1	CRG96273	1.C.105.2.14	gnl|BL_ORD_ID|2914 gnl|TC-DB|CRG96273|1.C.105.2.14 conserved Plasmodium protein, unknown function [Plasmodium gallinaceum]	1343	8.37438e-08	19	2031	1810	216	1370	317	1591	56.8	70.4	1	0	None	Vip3	None	PF04200,PF04200,PF04200,PF04200	NA
WP_129619852.1	CRG96273	1.C.105.2.14	gnl|BL_ORD_ID|2914 gnl|TC-DB|CRG96273|1.C.105.2.14 conserved Plasmodium protein, unknown function [Plasmodium gallinaceum]	569	1.94582e-07	23	588	1810	57	584	1286	1787	89.6	27.7	1	0	None	Vip3	None	PF04200,PF04200	NA
WP_024544353.1	CRG96273	1.C.105.2.14	gnl|BL_ORD_ID|2914 gnl|TC-DB|CRG96273|1.C.105.2.14 conserved Plasmodium protein, unknown function [Plasmodium gallinaceum]	295	5.44481e-07	26	412	1810	3	289	1411	1675	69.4	14.6	0	0	None	Vip3	None	NA	NA
WP_024544031.1	CRG96273	1.C.105.2.14	gnl|BL_ORD_ID|2914 gnl|TC-DB|CRG96273|1.C.105.2.14 conserved Plasmodium protein, unknown function [Plasmodium gallinaceum]	1266	6.7577e-07	20	1206	1810	45	1198	186	1327	95.6	63.0	1	0	None	Vip3	None	NA	NA
WP_024543884.1	CRG96273	1.C.105.2.14	gnl|BL_ORD_ID|2914 gnl|TC-DB|CRG96273|1.C.105.2.14 conserved Plasmodium protein, unknown function [Plasmodium gallinaceum]	247	0.000141395	23	420	1810	109	341	1326	1532	55.2	11.4	3	0	None	Vip3	None	NA	NA
WP_129619917.1	CRG96273	1.C.105.2.14	gnl|BL_ORD_ID|2914 gnl|TC-DB|CRG96273|1.C.105.2.14 conserved Plasmodium protein, unknown function [Plasmodium gallinaceum]	243	0.000688732	22	342	1810	2	233	252	485	67.5	12.9	1	0	None	Vip3	None	NA	NA
WP_024544365.1	VWP77622	1.C.105.2.16	gnl|BL_ORD_ID|20578 gnl|TC-DB|VWP77622.1|1.C.105.2.16 conserved Plasmodium protein, unknown function [Plasmodium falciparum 3D7]	203	0.000426744	28	254	620	53	245	208	382	75.6	28.1	0	0	None	Vip3	CHEBI:3308;calcium(2+)	NA	NA
WP_024543901.1	Q06803	1.C.109.1.1	gnl|BL_ORD_ID|12256 gnl|TC-DB|Q06803|1.C.109.1.1 Hemolysin A OS=Treponema hyodysenteriae GN=tlyA PE=2 SV=1	218	2.37948e-39	42	243	240	25	240	23	238	88.5	89.6	0	0	None	TlyA	CHEBI:25367;molecule	PF01728	PF01728,PF01479
WP_024544223.1	Q02455	1.I.1.1.1	gnl|BL_ORD_ID|12066 gnl|TC-DB|Q02455|1.I.1.1.1 Protein MLP1 - Saccharomyces cerevisiae (Baker's yeast).	693	9.04731e-15	21	980	1875	181	828	772	1423	66.0	34.7	0	0	None	NPC	None	PF02463,PF06470,PF13175,PF13476,PF13304	PF07926
WP_197725017.1	Q1K949	1.Q.1.1.1	gnl|BL_ORD_ID|13007 gnl|TC-DB|Q1K949|1.Q.1.1.1 Uncharacterized protein OS=Neurospora crassa (strain ATCC 24698 / 74-OR23-1A / CBS 708.71 / DSM 1257 / FGSC 987) GN=NCU02972 PE=4 SV=1	177	0.000422231	21	282	763	4	165	205	368	57.1	21.4	1	0	None	FSP	CHEBI:33839;macromolecule	PF02616	NA
WP_051327688.1	Q8I5A6	2.A.18.2.12	gnl|BL_ORD_ID|16287 gnl|TC-DB|Q8I5A6|2.A.18.2.12 Amino acid transporter, putative OS=Plasmodium falciparum (isolate 3D7) OX=36329 GN=PF3D7_1231400 PE=4 SV=2	279	2.33093e-05	20	648	1944	245	512	1500	1751	41.2	12.9	0	10	None	AAAP	CHEBI:3308;calcium(2+), CHEBI:33709;amino acid	PF13177,PF00004,PF07728	NA
WP_024544361.1	P0A754	2.A.37.1.1	gnl|BL_ORD_ID|8610 gnl|TC-DB|P0A754|2.A.37.1.1 Glutathione-regulated potassium-efflux system ancillary protein kefF - Escherichia coli.	91	4.05993e-06	31	186	176	25	115	22	100	48.4	44.3	1	0	None	CPA2	CHEBI:8345;potassium(1+)	PF02525,PF03358	PF02525,PF03358
WP_024544013.1	G8V089	2.A.38.4.6	gnl|BL_ORD_ID|4875 gnl|TC-DB|G8V089|2.A.38.4.6 Ktr system potassium uptake protein A OS=Staphylococcus aureus subsp. aureus 11819-97 GN=ktrA PE=4 SV=1	221	1.1079e-26	30	231	220	7	217	3	210	90.9	94.1	0	0	None	Trk	CHEBI:8345;potassium(1+)	PF02254,PF02080,PF03807	PF02254,PF02080
WP_024544207.1	Q7MXL2	2.A.130.1.1	gnl|BL_ORD_ID|15469 gnl|TC-DB|Q7MXL2|2.A.130.1.1 RNA polymerase sigma-70 factor, ECF subfamily OS=Porphyromonas gingivalis (strain ATCC BAA-308 / W83) OX=242619 GN=PG_0162 PE=3 SV=1	62	0.000350279	27	72	193	11	72	132	190	84.7	30.1	0	0	None	T9SS	CHEBI:14911;protein	PF04297,PF08281,PF04545	PF04542,PF08281,PF04545,PF07638
WP_024543935.1	P19934	2.C.1.2.1	gnl|BL_ORD_ID|9322 gnl|TC-DB|P19934|2.C.1.2.1 TOLA PROTEIN - Escherichia coli.	147	1.55324e-11	33	204	421	60	201	144	289	69.1	34.4	0	2	None	TonB/TolA	CHEBI:8150;phospholipid	PF00276	PF06519
WP_036456420.1	P19934	2.C.1.2.1	gnl|BL_ORD_ID|9322 gnl|TC-DB|P19934|2.C.1.2.1 TOLA PROTEIN - Escherichia coli.	94	8.00807e-07	34	225	421	129	222	204	295	41.3	21.6	0	2	None	TonB/TolA	CHEBI:8150;phospholipid	PF00237	PF06519
WP_024544110.1	P19934	2.C.1.2.1	gnl|BL_ORD_ID|9322 gnl|TC-DB|P19934|2.C.1.2.1 TOLA PROTEIN - Escherichia coli.	202	1.7202e-05	27	484	421	294	484	47	237	39.3	45.1	0	2	None	TonB/TolA	CHEBI:8150;phospholipid	PF05697,PF05698,PF00254	PF06519
WP_024543836.1	Q8YVZ3	3.A.1.1.52	gnl|BL_ORD_ID|17106 gnl|TC-DB|Q8YVZ3|3.A.1.1.52 Sugar ABC transportor, ATP-binding protein OS=Nostoc sp. (strain PCC 7120 / SAG 25.82 / UTEX 2576) GN=all1823 PE=3 SV=1	255	9.38934e-53	40	699	366	450	695	108	362	35.1	69.4	0	1	None	ABC	CHEBI:4853;esculin, CHEBI:6668;maltose, CHEBI:9314;sucrose, CHEBI:60980;beta-glucoside, CHEBI:5418;glucose, CHEBI:5172;fructose	PF00005,PF00005	PF00005,PF17912,PF08402
WP_129619874.1	Q8DU37	3.A.1.2.12	gnl|BL_ORD_ID|16049 gnl|TC-DB|Q8DU37|3.A.1.2.12 Putative sugar ABC transporter, ATP-binding protein - Streptococcus mutans.	512	9.14593e-126	41	516	510	2	511	4	504	98.6	98.0	0	0	None	ABC	CHEBI:23636;deoxyribonucleoside	PF00005,PF00005	PF00005,PF00005
WP_024543818.1	Q9X051	3.A.1.2.19	gnl|BL_ORD_ID|19343 gnl|TC-DB|Q9X051|3.A.1.2.19 Ribose import ATP-binding protein RbsA 2 OS=Thermotoga maritima (strain ATCC 43589 / MSB8 / DSM 3109 / JCM 10099) GN=rbsA2 PE=3 SV=1	68	4.13853e-09	34	120	523	8	75	9	76	55.8	12.8	1	0	None	ABC	CHEBI:10410;beta-D-ribopyranose	PF00005	PF00005,PF00005
WP_024543967.1	Q2FZR4	3.A.1.5.19	gnl|BL_ORD_ID|13235 gnl|TC-DB|Q2FZR4|3.A.1.5.19 Oligopeptide ABC transporter, ATP-binding protein, putative - Staphylococcus aureus (strain NCTC 8325).	174	1.22323e-48	49	843	313	620	793	130	300	20.5	54.3	0	0	None	ABC	CHEBI:7755;oligopeptide	PF00005,PF00005,PF08352	PF00005,PF08352
WP_024543966.1	Q9CIK9	3.A.1.5.25	gnl|BL_ORD_ID|17876 gnl|TC-DB|Q9CIK9|3.A.1.5.25 Oligopeptide ABC trasporter ATP binding protein OS=Lactococcus lactis subsp. lactis GN=optD PE=4 SV=1	338	1.53197e-100	46	404	349	56	390	5	338	82.7	95.4	1	0	None	ABC	CHEBI:7990;peptide, CHEBI:7755;oligopeptide	PF00005,PF08352	PF00005,PF08352
WP_084522413.1	Q119J0	3.A.1.9.3	gnl|BL_ORD_ID|12565 gnl|TC-DB|Q119J0|3.A.1.9.3 Phosphonates import ATP-binding protein PhnC 1 OS=Trichodesmium erythraeum (strain IMS101) OX=203124 GN=phnC1 PE=3 SV=1	242	1.07793e-53	42	311	252	36	273	2	240	76.2	94.4	0	0	None	ABC	CHEBI:29197;phosphite(3-)	PF00005	PF00005,PF13476
WP_024544303.1	Q119J0	3.A.1.9.3	gnl|BL_ORD_ID|12565 gnl|TC-DB|Q119J0|3.A.1.9.3 Phosphonates import ATP-binding protein PhnC 1 OS=Trichodesmium erythraeum (strain IMS101) OX=203124 GN=phnC1 PE=3 SV=1	242	1.91873e-34	31	245	252	3	244	2	240	98.4	94.4	0	0	None	ABC	CHEBI:29197;phosphite(3-)	PF00005	PF00005,PF13476
WP_024544332.1	Q5HGY5	3.A.1.11.8	gnl|BL_ORD_ID|14371 gnl|TC-DB|Q5HGY5|3.A.1.11.8 Spermidine/putrescine import ATP-binding protein PotA OS=Staphylococcus aureus (strain COL) GN=potA PE=3 SV=1	250	2.19241e-61	44	460	364	210	458	104	352	53.9	68.1	0	0	None	ABC	CHEBI:9218;spermidine, CHEBI:9219;spermine	PF00005,PF08402,PF13304	PF00005,PF08402
WP_129619929.1	Q99YA4	3.A.1.14.10	gnl|BL_ORD_ID|17691 gnl|TC-DB|Q99YA4|3.A.1.14.10 Putative ABC transporter - Streptococcus pyogenes serotype M1.	243	2.03316e-30	28	253	278	2	242	8	247	94.9	86.0	0	0	None	ABC	CHEBI:5651;ferroheme b	PF00005,PF13304,PF02463,PF13476	PF00005
WP_024543977.1	Q5M243	3.A.1.25.6	gnl|BL_ORD_ID|14419 gnl|TC-DB|Q5M243|3.A.1.25.6 Energy-coupling factor transporter ATP-binding protein EcfA 2 OS=Streptococcus thermophilus (strain ATCC BAA-250 / LMG 18311) GN=ecfA2 PE=3 SV=1	270	4.45878e-83	48	267	276	1	263	1	269	98.1	97.1	0	0	None	ABC	CHEBI:8843;riboflavin	PF00005	PF00005
WP_024543978.1	Q839D4	3.A.1.26.10	gnl|BL_ORD_ID|15759 gnl|TC-DB|Q839D4|3.A.1.26.10 Cobalt import ATP-binding protein CbiO 2 OS=Enterococcus faecalis GN=cbiO2 PE=3 SV=2	337	2.33578e-71	39	344	289	1	336	1	280	97.4	96.5	0	0	None	ABC	CHEBI:5140;folic acid	PF00005,PF00005,PF13304	PF00005,PF00005
WP_024544255.1	P42954	3.A.1.104.1	gnl|BL_ORD_ID|10490 gnl|TC-DB|P42954|3.A.1.104.1 Teichoic acid translocation ATP-binding protein tagH - Bacillus subtilis.	115	0.000875506	24	278	527	76	189	148	260	40.6	21.3	0	0	None	ABC	CHEBI:9431;teichoic acid	PF00849	PF00005
WP_024544097.1	E6N374	3.A.1.122.27	gnl|BL_ORD_ID|3783 gnl|TC-DB|E6N374|3.A.1.122.27 ABC transport system ATP-binding protein OS=Candidatus Caldiarchaeum subterraneum OX=311458 GN=CSUB_C1395 PE=4 SV=1	221	2.35399e-54	40	322	236	86	304	6	225	67.7	92.8	0	0	None	ABC	None	PF00005	PF00005
WP_024544038.1	Q45404	3.A.1.124.2	gnl|BL_ORD_ID|13627 gnl|TC-DB|Q45404|3.A.1.124.2 SpaF - Bacillus subtilis.	235	6.59116e-27	26	240	247	4	238	11	241	97.5	93.1	0	0	None	ABC	CHEBI:29633;Mycosubtilin	PF00005,PF13304	PF00005,PF13304
WP_024544286.1	Q8DNB9	3.A.1.142.1	gnl|BL_ORD_ID|16019 gnl|TC-DB|Q8DNB9|3.A.1.142.1 Putative uncharacterized protein ABC-NBD OS=Streptococcus pneumoniae (strain ATCC BAA-255 / R6) GN=ABC-NBD PE=4 SV=1	209	3.84727e-23	28	246	294	13	221	2	207	84.6	69.7	2	0	None	ABC	CHEBI:5476;glycolipid	PF00005,PF13304	PF00005,PF13304
WP_024544359.1	B5YBB1	3.A.1.151.2	gnl|BL_ORD_ID|1942 gnl|TC-DB|B5YBB1|3.A.1.151.2 ABC transporter, ATP-binding protein OS=Dictyoglomus thermophilum (strain ATCC 35947 / DSM 3960 / H-6-12) GN=DICTH_1828 PE=4 SV=1	211	1.54242e-36	37	363	239	81	289	19	222	57.3	84.9	0	1	None	ABC	None	PF00005,PF13304	PF00005
WP_024544238.1	KKK45282	3.A.1.156.2	gnl|BL_ORD_ID|5949 gnl|TC-DB|KKK45282|3.A.1.156.2 putative ABC transporter ATP-binding protein YxlF [Lokiarchaeum sp. GC14_75]	309	5.93417e-39	30	306	316	3	302	5	309	97.7	96.2	0	2	None	ABC	None	PF00005,PF13304	PF00005,PF13732
WP_024544093.1	O77308	3.A.1.201.47	gnl|BL_ORD_ID|7580 gnl|TC-DB|O77308|3.A.1.201.47 ABC transporter B family member 4, putative OS=Plasmodium falciparum (isolate 3D7) OX=36329 GN=PF3D7_0302600 PE=4 SV=1	226	1.52744e-06	24	312	1365	8	206	913	1129	63.5	15.8	0	4	None	ABC	CHEBI:25213;metal cation, CHEBI:25906;peptide	NA	PF00664,PF00005
WP_024543860.1	Q22NS1	3.A.1.207.2	gnl|BL_ORD_ID|13121 gnl|TC-DB|Q22NS1|3.A.1.207.2 Permease, putative family protein - Tetrahymena thermophila SB210.	128	0.000451693	25	221	1234	26	143	181	304	52.9	10.0	0	10	None	ABC	None	PF11967,PF02565	PF02687,PF02687
WP_024544305.1	NP_064912	3.A.1.211.21	gnl|BL_ORD_ID|6632 gnl|TC-DB|NP_064912.1|3.A.1.211.21 putative ATP-binding cassette transporter [Amsacta moorei entomopoxvirus]	304	4.84893e-05	25	436	1384	141	434	631	889	67.2	18.6	0	15	None	ABC	None	PF00342	PF00005,PF00005
WP_024544131.1	P0ABA6	3.A.2.1.1	gnl|BL_ORD_ID|8697 gnl|TC-DB|P0ABA6|3.A.2.1.1 ATP synthase gamma chain - Escherichia coli.	182	0.000244001	25	307	287	118	290	109	281	56.0	59.9	0	0	None	F-ATPase	CHEBI:5584;hydron	NA	PF00231
WP_029670639.1	P29706	3.A.2.1.2	gnl|BL_ORD_ID|9672 gnl|TC-DB|P29706|3.A.2.1.2 ATP synthase alpha chain, sodium ion specific (EC 3.6.3.15) - Propionigenium modestum.	502	0.0	54	523	500	1	502	1	499	95.8	99.6	0	0	None	F-ATPase	CHEBI:9175;sodium(1+)	PF00006,PF00306,PF02874	PF00006,PF00306,PF02874
WP_024544372.1	P29710	3.A.2.1.2	gnl|BL_ORD_ID|9676 gnl|TC-DB|P29710|3.A.2.1.2 ATP synthase gamma chain, sodium ion specific (EC 3.6.3.15) - Propionigenium modestum.	289	5.34532e-45	33	287	282	1	286	1	281	99.3	99.3	1	0	None	F-ATPase	CHEBI:9175;sodium(1+)	PF00231	PF00231
WP_024544370.1	P29709	3.A.2.1.2	gnl|BL_ORD_ID|9675 gnl|TC-DB|P29709|3.A.2.1.2 ATP synthase epsilon chain, sodium ion specific (EC 3.6.3.15) - Propionigenium modestum.	124	7.92569e-05	23	125	137	14	125	4	126	88.8	89.1	0	0	None	F-ATPase	CHEBI:9175;sodium(1+)	PF02823	PF02823
WP_024544371.1	P50002	3.A.2.1.5	gnl|BL_ORD_ID|10772 gnl|TC-DB|P50002|3.A.2.1.5 ATP synthase subunit beta, sodium ion specific OS=Acetobacterium woodii (strain ATCC 29683 / DSM 1030 / JCM 2381 / KCTC 1655) GN=atpD PE=1 SV=3	466	0.0	69	506	466	39	502	2	464	91.5	99.1	0	0	None	F-ATPase	CHEBI:9175;sodium(1+)	PF00006,PF02874	PF00006,PF02874
WP_024544135.1	P50002	3.A.2.1.5	gnl|BL_ORD_ID|10772 gnl|TC-DB|P50002|3.A.2.1.5 ATP synthase subunit beta, sodium ion specific OS=Acetobacterium woodii (strain ATCC 29683 / DSM 1030 / JCM 2381 / KCTC 1655) GN=atpD PE=1 SV=3	449	2.89141e-114	41	458	466	3	446	6	453	96.7	95.9	0	0	None	F-ATPase	CHEBI:9175;sodium(1+)	PF00006	PF00006,PF02874
WP_024544373.1	Q9RMB3	3.A.2.1.5	gnl|BL_ORD_ID|18867 gnl|TC-DB|Q9RMB3|3.A.2.1.5 ATP synthase subunit delta OS=Acetobacterium woodii GN=atpH PE=3 SV=1	173	1.25129e-14	24	178	180	7	178	4	176	96.1	95.6	0	0	None	F-ATPase	CHEBI:9175;sodium(1+)	PF00213	PF00213
WP_024544111.1	Q8IEL5	3.A.2.1.16	gnl|BL_ORD_ID|16332 gnl|TC-DB|Q8IEL5|3.A.2.1.16 ATP synthase subunit O, mitochondrial, putative OS=Plasmodium falciparum (isolate 3D7) OX=36329 GN=PF3D7_1310000 PE=3 SV=1	164	5.2593e-05	25	233	253	54	206	17	174	65.2	62.1	0	0	None	F-ATPase	CHEBI:5584;hydron	NA	PF00213
WP_024543998.1	VWP77801	3.A.3.2.52	gnl|BL_ORD_ID|20580 gnl|TC-DB|VWP77801.1|3.A.3.2.52 E1-E2 ATPase, putative [Plasmodium falciparum 3D7]	392	3.74853e-07	26	631	1834	85	458	227	570	59.1	18.7	0	8	None	P-ATPase	CHEBI:3308;calcium(2+)	PF01807,PF08275,PF13155,PF13662	NA
WP_024543985.1	Q8IHY1	3.A.3.8.31	gnl|BL_ORD_ID|16339 gnl|TC-DB|Q8IHY1|3.A.3.8.31 Guanylate cyclase alpha OS=Plasmodium falciparum (isolate 3D7) OX=36329 GN=GCalpha PE=1 SV=1	251	0.000124812	23	379	4226	95	324	1549	1794	60.4	5.8	0	16	None	P-ATPase	CHEBI:2359;ATP, CHEBI:16247;phospholipid	NA	PF00211,PF00211,PF00211,PF16212,PF00122
WP_024544000.1	P0AGD7	3.A.5.1.1	gnl|BL_ORD_ID|8858 gnl|TC-DB|P0AGD7|3.A.5.1.1 Signal recognition particle protein - Escherichia coli.	435	1.80479e-107	42	441	453	1	432	1	433	97.7	95.4	1	0	None	Sec	CHEBI:8526;protein polypeptide chain	PF00448,PF02978,PF02881,PF06414,PF13401	PF00448,PF02978,PF02881,PF01656,PF06414
WP_024544206.1	P10121	3.A.5.1.1	gnl|BL_ORD_ID|8981 gnl|TC-DB|P10121|3.A.5.1.1 CELL DIVISION PROTEIN FTSY - Escherichia coli.	275	5.25588e-74	45	350	497	71	345	222	492	78.3	54.3	0	0	None	Sec	CHEBI:8526;protein polypeptide chain	PF00448,PF02881,PF13401,PF13604,PF06414,PF09848	PF00448,PF02881,PF06414
WP_024544109.1	P28366	3.A.5.2.1	gnl|BL_ORD_ID|9641 gnl|TC-DB|P28366|3.A.5.2.1 RecName: Full=Protein translocase subunit SecA	777	0.0	50	871	841	14	769	7	770	86.7	90.7	0	0	None	Sec	CHEBI:8526;protein polypeptide chain	PF07517,PF07516,PF01043	PF07517,PF07516,PF01043,PF02810,PF00270
WP_024544176.1	Q07711	3.A.7.7.1	gnl|BL_ORD_ID|12290 gnl|TC-DB|Q07711|3.A.7.7.1 DNA topoisomerase I (EC 5.99.1.2) (Omega-protein) (Relaxing enzyme) (Untwisting enzyme) (Swivelase) - Staphylococcus aureus.	623	1.28067e-29	25	621	700	30	594	46	637	90.8	84.4	0	0	None	IVSP	CHEBI:4291;deoxyribonucleic acid	PF01131,PF01751,PF01396	PF01131,PF01751,PF13342
WP_051327693.1	Q6MDD6	3.A.7.16.1	gnl|BL_ORD_ID|14872 gnl|TC-DB|Q6MDD6|3.A.7.16.1 Putative exodeoxyribonuclease V OS=Protochlamydia amoebophila (strain UWE25) GN=recD PE=4 SV=1	648	1.10065e-76	30	736	721	102	723	83	713	84.4	87.4	0	0	None	IVSP	CHEBI:14911;protein, CHEBI:4291;deoxyribonucleic acid	PF13604,PF13245,PF13538,PF01443,PF00580,PF09848	PF13604,PF14490,PF13245,PF18335,PF13538,PF14520,PF05127
WP_024544344.1	Q5G3M3	3.A.7.19.1	gnl|BL_ORD_ID|14348 gnl|TC-DB|Q5G3M3|3.A.7.19.1 Single-stranded DNA-binding protein OS=Enterococcus faecalis GN=pcfS PE=3 SV=1	141	2.81315e-17	34	150	150	1	141	2	139	93.3	91.3	0	0	None	IVSP	CHEBI:4291;deoxyribonucleic acid	PF00436	PF00436
WP_024543827.1	P38523	3.A.8.1.1	gnl|BL_ORD_ID|10195 gnl|TC-DB|P38523|3.A.8.1.1 GrpE protein homolog, mitochondrial precursor - Saccharomyces cerevisiae (Baker's yeast).	186	7.12334e-17	28	271	228	90	271	52	224	66.8	75.4	0	0	None	MPT	CHEBI:8526;protein polypeptide chain	PF01025	PF01025
WP_024543870.1	Q9FI56	3.A.9.1.2	gnl|BL_ORD_ID|18000 gnl|TC-DB|Q9FI56|3.A.9.1.2 Chaperone protein ClpC1, chloroplastic OS=Arabidopsis thaliana GN=CLPC1 PE=1 SV=1	719	0.0	44	715	929	8	707	250	907	97.8	70.7	0	0	None	CEPT or Tic-Toc	CHEBI:8526;protein polypeptide chain	PF07724,PF17871,PF00004,PF00004,PF10431,PF07728,PF00158	PF07724,PF02861,PF02861,PF17871,PF00004,PF00004,PF10431,PF07728,PF07728,PF00158,PF02151
WP_024543890.1	Q8DQ41	3.A.11.1.2	gnl|BL_ORD_ID|16026 gnl|TC-DB|Q8DQ41|3.A.11.1.2 Competence protein - Streptococcus pneumoniae (strain ATCC BAA-255 / R6).	162	0.000226697	27	716	216	395	542	58	208	20.5	69.4	0	1	None	DNA-T	CHEBI:75980;single-stranded DNA polynucleotide	PF09371,PF16921,PF12836,PF17674,PF00575	PF12836,PF10531
WP_024543988.1	AKM80389	3.A.11.1.5	gnl|BL_ORD_ID|1264 gnl|TC-DB|AKM80389.1|3.A.11.1.5 Holliday junction ATP-dependent DNA helicase RuvA [Candidatus Saccharibacteria bacterium GW2011_GWC2_44_17]	130	1.80785e-11	30	201	192	1	127	1	130	62.7	67.2	0	1	None	DNA-T	None	PF14520,PF01330	PF01330,PF14520,PF07499
WP_024544220.1	O77341	3.A.16.1.3	gnl|BL_ORD_ID|7582 gnl|TC-DB|O77341|3.A.16.1.3 SEL-1 like protein OS=Plasmodium falciparum (isolate 3D7) GN=PFC0550w PE=4 SV=1	327	0.000996509	23	686	807	6	323	59	351	46.2	36.2	7	0	None	ER-RT	CHEBI:36080;protein	NA	PF08238,PF08238,PF08238,PF08238,PF08238
WP_024543845.1	Q48L33	3.A.16.1.5	gnl|BL_ORD_ID|13764 gnl|TC-DB|Q48L33|3.A.16.1.5 Hydrolase, TatD family OS=Pseudomonas savastanoi pv. phaseolicola (strain 1448A / Race 6) OX=264730 GN=PSPPH_1649 PE=4 SV=1	221	4.09325e-29	31	253	261	37	251	40	254	84.6	82.0	0	0	None	ER-RT	CHEBI:14911;protein	PF01026	PF01026
WP_129619927.1	B3ET62	3.A.23.6.1	gnl|BL_ORD_ID|1788 gnl|TC-DB|B3ET62|3.A.23.6.1 Glyceraldehyde-3-phosphate dehydrogenase OS=Amoebophilus asiaticus (strain 5a2) GN=Aasi_1069 PE=3 SV=1	326	2.16584e-111	50	333	331	1	322	1	321	96.4	96.7	0	0	None	T6SS	None	PF02800,PF00044	PF02800,PF00044
WP_024544010.1	Q6UKY4	3.D.1.6.4	gnl|BL_ORD_ID|15064 gnl|TC-DB|Q6UKY4|3.D.1.6.4 Acyl carrier protein 1 - Chlamydomonas reinhardtii.	63	1.5612e-06	37	73	128	7	68	59	121	83.6	48.4	0	0	None	NDH	CHEBI:5584;hydron	PF00550	PF00550
WP_024544317.1	Q24210	8.A.24.1.11	gnl|BL_ORD_ID|13146 gnl|TC-DB|Q24210|8.A.24.1.11 Peripheral plasma membrane protein CASK OS=Drosophila melanogaster GN=CASK PE=1 SV=4	189	1.4799e-15	29	214	898	8	194	711	884	86.9	19.3	0	0	None	EBP50	None	PF00625	PF00069,PF00625,PF02828,PF02828,PF07714,PF00595,PF00018,PF07653
WP_129619882.1	F6P0J3	8.A.88.1.2	gnl|BL_ORD_ID|4359 gnl|TC-DB|F6P0J3|8.A.88.1.2 Calsequestrin OS=Danio rerio GN=casq1b PE=1 SV=1	115	9.85531e-07	23	128	454	8	122	349	454	89.1	23.1	0	0	None	CASQ	None	NA	PF01216,PF13848
WP_024544385.1	Q9H3N1	8.A.88.2.5	gnl|BL_ORD_ID|18116 gnl|TC-DB|Q9H3N1|8.A.88.2.5 Thioredoxin-related transmembrane protein 1 OS=Homo sapiens OX=9606 GN=TMX1 PE=1 SV=1	68	7.53033e-08	32	98	280	15	80	43	110	66.3	23.9	0	3	None	CASQ	CHEBI:10545;electron	PF00085,PF13098,PF13728	PF00085
WP_024544175.1	MBA24612	8.A.192.1.4	gnl|BL_ORD_ID|6465 gnl|TC-DB|MBA24612.1|8.A.192.1.4 MAG: molecular chaperone DnaJ [Candidatus Marinimicrobia bacterium]	350	1.21859e-68	36	377	374	5	348	3	344	91.0	91.2	0	0	None	DnaJ	CHEBI:14911;protein	PF00226,PF01556,PF00684	PF01556,PF00226,PF00684
WP_024544330.1	O25396	9.A.8.1.2	gnl|BL_ORD_ID|6967 gnl|TC-DB|O25396|9.A.8.1.2 IRON(II) TRANSPORT PROTEIN (FEOB) - Helicobacter pylori (Campylobacter pylori).	144	8.27453e-07	31	292	642	4	145	2	127	48.3	19.5	0	9	None	FeoB	CHEBI:34754;iron(2+)	PF01926,PF07650,PF02421,PF00350,PF10662,PF04548	PF02421,PF07670,PF07670,PF01926,PF07664
WP_024544068.1	V6F2B2	9.A.8.1.7	gnl|BL_ORD_ID|20509 gnl|TC-DB|V6F2B2|9.A.8.1.7 Ferrous iron transport protein B OS=Magnetospirillum gryphiswaldense MSR-1 v2 GN=FeoB1 PE=3 SV=1	183	7.01849e-05	25	423	704	153	326	1	167	40.9	23.6	0	9	None	FeoB	CHEBI:34754;iron(2+)	PF01018,PF01926,PF09269,PF02421	PF02421,PF07670,PF07670,PF07664,PF17910,PF01926
WP_024544204.1	Q57986	9.A.8.1.9	gnl|BL_ORD_ID|14197 gnl|TC-DB|Q57986|9.A.8.1.9 Ferrous iron transport protein B homolog OS=Methanocaldococcus jannaschii (strain ATCC 43067 / DSM 2661 / JAL-1 / JCM 10045 / NBRC 100440) GN=MJ0566 PE=1 SV=1	232	4.32019e-13	27	450	668	218	430	2	230	47.1	34.1	0	10	None	FeoB	CHEBI:34754;iron(2+)	PF10396,PF12631,PF01926,PF02421	PF02421,PF07670,PF07670,PF01926,PF07664,PF17910
WP_024544163.1	Q57986	9.A.8.1.9	gnl|BL_ORD_ID|14197 gnl|TC-DB|Q57986|9.A.8.1.9 Ferrous iron transport protein B homolog OS=Methanocaldococcus jannaschii (strain ATCC 43067 / DSM 2661 / JAL-1 / JCM 10045 / NBRC 100440) GN=MJ0566 PE=1 SV=1	288	1.41871e-06	22	367	668	2	277	3	266	74.9	39.4	0	10	None	FeoB	CHEBI:34754;iron(2+)	PF06071,PF01926,PF02421	PF02421,PF07670,PF07670,PF01926,PF07664,PF17910
WP_024543932.1	OLS24375	9.A.8.1.17	gnl|BL_ORD_ID|8032 gnl|TC-DB|OLS24375|9.A.8.1.17 putative GTP-binding protein EngB [Candidatus Thorarchaeota archaeon AB_25]	187	2.26835e-13	30	183	208	17	178	6	185	88.0	86.1	0	0	None	FeoB	CHEBI:34754;iron(2+)	PF01926,PF02421,PF10662	PF01926,PF02421
WP_129619897.1	WP_121250785	9.B.111.1.5	gnl|BL_ORD_ID|21812 gnl|TC-DB|WP_121250785|9.B.111.1.5 lysine--tRNA ligase [Solirubrobacter pauli]	415	1.25915e-97	42	491	909	72	485	53	450	84.1	43.7	0	2	None	LysS	None	PF00152	PF00152,PF09924,PF01336
WP_024544196.1	WP_121250785	9.B.111.1.5	gnl|BL_ORD_ID|21812 gnl|TC-DB|WP_121250785|9.B.111.1.5 lysine--tRNA ligase [Solirubrobacter pauli]	393	1.77368e-10	21	447	909	65	439	80	447	83.7	40.4	0	2	None	LysS	None	PF00152,PF01336	PF00152,PF09924,PF01336
WP_024544065.1	C6KSW1	9.B.215.1.1	gnl|BL_ORD_ID|2607 gnl|TC-DB|C6KSW1|9.B.215.1.1 Uncharacterized protein OS=Plasmodium falciparum (isolate 3D7) GN=PF3D7_0611600 PE=4 SV=1	146	2.43395e-06	25	149	650	6	149	256	395	96.0	21.4	0	3	None	BTP	None	NA	NA
WP_024544262.1	Q83XH1	9.B.325.1.1	gnl|BL_ORD_ID|15766 gnl|TC-DB|Q83XH1|9.B.325.1.1 ABC transporter - Clostridium hathewayi.	516	3.78976e-167	48	537	546	1	516	1	507	95.9	92.7	1	0	None	ABC4	None	PF00005,PF00005,PF12848	PF00005,PF00005,PF12848
WP_024543941.1	KMZ89317	9.B.367.1.2	gnl|BL_ORD_ID|6006 gnl|TC-DB|KMZ89317.1|9.B.367.1.2 knob-associated His-rich protein [Plasmodium vivax Brazil I]	102	1.13153e-07	34	161	659	57	158	560	657	62.7	14.7	0	0	None	PfVFTS	None	PF00831	PF17986
WP_024544143.1	SCM21388	9.B.436.1.3	gnl|BL_ORD_ID|20107 gnl|TC-DB|SCM21388.1|9.B.436.1.3 conserved Plasmodium membrane protein, unknown function [Plasmodium chabaudi adami]	197	0.000289786	25	296	416	68	255	61	252	63.2	45.9	0	8	None	PMRT1	None	PF13177	NA
WP_024543916.1	O97238	9.B.442.1.10	gnl|BL_ORD_ID|7809 gnl|TC-DB|O97238|9.B.442.1.10 Transporter, putative OS=Plasmodium falciparum (isolate 3D7) OX=36329 GN=PF3D7_0305300 PE=4 SV=3	154	6.16562e-05	22	376	956	225	376	237	386	40.2	15.6	0	9	None	S10MP	None	NA	NA
WP_129619915.1	O97238	9.B.442.1.10	gnl|BL_ORD_ID|7809 gnl|TC-DB|O97238|9.B.442.1.10 Transporter, putative OS=Plasmodium falciparum (isolate 3D7) OX=36329 GN=PF3D7_0305300 PE=4 SV=3	227	0.000891621	20	353	956	130	350	147	357	62.3	22.0	0	9	None	S10MP	None	NA	NA
